<?xml version="1.0" encoding="UTF-8"?>

<!-- generated on 2023-01-13 23:21:16 by Eclipse SUMO netedit Version UNKNOWN
<configuration xmlns:xsi="http://www.w3.org/2001/XMLSchema-instance" xsi:noNamespaceSchemaLocation="http://sumo.dlr.de/xsd/netconvertConfiguration.xsd">

    <input>
        <sumo-net-file value="/Users/csy-Mac/Desktop/corridor.net.xml"/>
    </input>

    <output>
        <output-file value="/Users/csy-Mac/Desktop/corridor.net.xml"/>
    </output>

    <processing>
        <geometry.min-radius.fix.railways value="false"/>
        <geometry.max-grade.fix value="false"/>
        <offset.disable-normalization value="true"/>
        <lefthand value="false"/>
    </processing>

    <junctions>
        <no-turnarounds value="true"/>
        <junctions.corner-detail value="5"/>
        <junctions.limit-turn-speed value="5.5"/>
        <rectangular-lane-cut value="false"/>
    </junctions>

    <pedestrian>
        <walkingareas value="false"/>
    </pedestrian>

</configuration>
-->

<net version="1.9" junctionCornerDetail="5" limitTurnSpeed="5.50" xmlns:xsi="http://www.w3.org/2001/XMLSchema-instance" xsi:noNamespaceSchemaLocation="http://sumo.dlr.de/xsd/net_file.xsd">

    <location netOffset="0.00,0.00" convBoundary="-900.00,-500.00,1600.00,500.00" origBoundary="-10000000000.00,-10000000000.00,10000000000.00,10000000000.00" projParameter="!"/>

    <edge id=":t1_0" function="internal">
        <lane id=":t1_0_0" index="0" speed="13.89" length="14.40" shape="-404.80,4.00 -404.80,-10.40"/>
        <lane id=":t1_0_1" index="1" speed="13.89" length="14.40" shape="-401.60,4.00 -401.60,-10.40"/>
    </edge>
    <edge id=":t1_2" function="internal">
        <lane id=":t1_2_0" index="0" speed="13.89" length="14.40" shape="-410.40,-4.80 -396.00,-4.80"/>
        <lane id=":t1_2_1" index="1" speed="13.89" length="14.40" shape="-410.40,-1.60 -396.00,-1.60"/>
    </edge>
    <edge id=":t2_0" function="internal">
        <lane id=":t2_0_0" index="0" speed="13.89" length="14.40" shape="95.20,4.00 95.20,-10.40"/>
        <lane id=":t2_0_1" index="1" speed="13.89" length="14.40" shape="98.40,4.00 98.40,-10.40"/>
    </edge>
    <edge id=":t2_2" function="internal">
        <lane id=":t2_2_0" index="0" speed="13.89" length="14.40" shape="89.60,-4.80 104.00,-4.80"/>
        <lane id=":t2_2_1" index="1" speed="13.89" length="14.40" shape="89.60,-1.60 104.00,-1.60"/>
    </edge>
    <edge id=":t3_0" function="internal">
        <lane id=":t3_0_0" index="0" speed="13.89" length="14.40" shape="595.20,4.00 595.20,-10.40"/>
        <lane id=":t3_0_1" index="1" speed="13.89" length="14.40" shape="598.40,4.00 598.40,-10.40"/>
    </edge>
    <edge id=":t3_2" function="internal">
        <lane id=":t3_2_0" index="0" speed="13.89" length="14.40" shape="589.60,-4.80 604.00,-4.80"/>
        <lane id=":t3_2_1" index="1" speed="13.89" length="14.40" shape="589.60,-1.60 604.00,-1.60"/>
    </edge>
    <edge id=":t4_0" function="internal">
        <lane id=":t4_0_0" index="0" speed="13.89" length="14.40" shape="1095.20,4.00 1095.20,-10.40"/>
        <lane id=":t4_0_1" index="1" speed="13.89" length="14.40" shape="1098.40,4.00 1098.40,-10.40"/>
    </edge>
    <edge id=":t4_2" function="internal">
        <lane id=":t4_2_0" index="0" speed="13.89" length="14.40" shape="1089.60,-4.80 1104.00,-4.80"/>
        <lane id=":t4_2_1" index="1" speed="13.89" length="14.40" shape="1089.60,-1.60 1104.00,-1.60"/>
    </edge>

    <edge id="n1_t1" from="n1" to="t1" priority="-1">
        <lane id="n1_t1_0" index="0" speed="13.89" length="496.00" shape="-404.80,500.00 -404.80,4.00"/>
        <lane id="n1_t1_1" index="1" speed="13.89" length="496.00" shape="-401.60,500.00 -401.60,4.00"/>
    </edge>
    <edge id="n2_t2" from="n2" to="t2" priority="-1">
        <lane id="n2_t2_0" index="0" speed="13.89" length="496.00" shape="95.20,500.00 95.20,4.00"/>
        <lane id="n2_t2_1" index="1" speed="13.89" length="496.00" shape="98.40,500.00 98.40,4.00"/>
    </edge>
    <edge id="n3_t3" from="n3" to="t3" priority="-1">
        <lane id="n3_t3_0" index="0" speed="13.89" length="496.00" shape="595.20,500.00 595.20,4.00"/>
        <lane id="n3_t3_1" index="1" speed="13.89" length="496.00" shape="598.40,500.00 598.40,4.00"/>
    </edge>
    <edge id="n4_t4" from="n4" to="t4" priority="-1">
        <lane id="n4_t4_0" index="0" speed="13.89" length="496.00" shape="1095.20,500.00 1095.20,4.00"/>
        <lane id="n4_t4_1" index="1" speed="13.89" length="496.00" shape="1098.40,500.00 1098.40,4.00"/>
    </edge>
    <edge id="t1_s1" from="t1" to="s1" priority="-1">
        <lane id="t1_s1_0" index="0" speed="13.89" length="489.60" shape="-404.80,-10.40 -404.80,-500.00"/>
        <lane id="t1_s1_1" index="1" speed="13.89" length="489.60" shape="-401.60,-10.40 -401.60,-500.00"/>
    </edge>
    <edge id="t1_t2" from="t1" to="t2" priority="-1">
        <lane id="t1_t2_0" index="0" speed="13.89" length="485.60" shape="-396.00,-4.80 89.60,-4.80"/>
        <lane id="t1_t2_1" index="1" speed="13.89" length="485.60" shape="-396.00,-1.60 89.60,-1.60"/>
    </edge>
    <edge id="t2_s2" from="t2" to="s2" priority="-1">
        <lane id="t2_s2_0" index="0" speed="13.89" length="489.60" shape="95.20,-10.40 95.20,-500.00"/>
        <lane id="t2_s2_1" index="1" speed="13.89" length="489.60" shape="98.40,-10.40 98.40,-500.00"/>
    </edge>
    <edge id="t2_t3" from="t2" to="t3" priority="-1">
        <lane id="t2_t3_0" index="0" speed="13.89" length="485.60" shape="104.00,-4.80 589.60,-4.80"/>
        <lane id="t2_t3_1" index="1" speed="13.89" length="485.60" shape="104.00,-1.60 589.60,-1.60"/>
    </edge>
    <edge id="t3_s3" from="t3" to="s3" priority="-1">
        <lane id="t3_s3_0" index="0" speed="13.89" length="489.60" shape="595.20,-10.40 595.20,-500.00"/>
        <lane id="t3_s3_1" index="1" speed="13.89" length="489.60" shape="598.40,-10.40 598.40,-500.00"/>
    </edge>
    <edge id="t3_t4" from="t3" to="t4" priority="-1">
        <lane id="t3_t4_0" index="0" speed="13.89" length="485.60" shape="604.00,-4.80 1089.60,-4.80"/>
        <lane id="t3_t4_1" index="1" speed="13.89" length="485.60" shape="604.00,-1.60 1089.60,-1.60"/>
    </edge>
    <edge id="t4_e" from="t4" to="e" priority="-1">
        <lane id="t4_e_0" index="0" speed="13.89" length="496.00" shape="1104.00,-4.80 1600.00,-4.80"/>
        <lane id="t4_e_1" index="1" speed="13.89" length="496.00" shape="1104.00,-1.60 1600.00,-1.60"/>
    </edge>
    <edge id="t4_s4" from="t4" to="s4" priority="-1">
        <lane id="t4_s4_0" index="0" speed="13.89" length="489.60" shape="1095.20,-10.40 1095.20,-500.00"/>
        <lane id="t4_s4_1" index="1" speed="13.89" length="489.60" shape="1098.40,-10.40 1098.40,-500.00"/>
    </edge>
    <edge id="w_t1" from="w" to="t1" priority="-1">
        <lane id="w_t1_0" index="0" speed="13.89" length="489.60" shape="-900.00,-4.80 -410.40,-4.80"/>
        <lane id="w_t1_1" index="1" speed="13.89" length="489.60" shape="-900.00,-1.60 -410.40,-1.60"/>
    </edge>

    <tlLogic id="t1" type="actuated" programID="0" offset="0">
        <phase duration="42" state="GGrr"/>
        <phase duration="2"  state="yyrr"/>
        <phase duration="42" state="rrGG"/>
        <phase duration="2"  state="rryy"/>
    </tlLogic>
    <tlLogic id="t2" type="actuated" programID="0" offset="14">
        <phase duration="42" state="GGrr"/>
        <phase duration="2"  state="yyrr"/>
        <phase duration="42" state="rrGG"/>
        <phase duration="2"  state="rryy"/>
    </tlLogic>
    <tlLogic id="t3" type="actuated" programID="0" offset="28">
        <phase duration="42" state="GGrr"/>
        <phase duration="3"  state="yyrr"/>
        <phase duration="42" state="rrGG"/>
        <phase duration="3"  state="rryy"/>
    </tlLogic>
    <tlLogic id="t4" type="actuated" programID="0" offset="42">
        <phase duration="42" state="GGrr"/>
        <phase duration="3"  state="yyrr"/>
        <phase duration="42" state="rrGG"/>
        <phase duration="3"  state="rryy"/>
    </tlLogic>

    <junction id="e" type="dead_end" x="1600.00" y="0.00" incLanes="t4_e_0 t4_e_1" intLanes="" shape="1600.00,-6.40 1600.00,0.00"/>
    <junction id="n1" type="dead_end" x="-400.00" y="500.00" incLanes="" intLanes="" shape="-400.00,500.00 -406.40,500.00"/>
    <junction id="n2" type="dead_end" x="100.00" y="500.00" incLanes="" intLanes="" shape="100.00,500.00 93.60,500.00"/>
    <junction id="n3" type="dead_end" x="600.00" y="500.00" incLanes="" intLanes="" shape="600.00,500.00 593.60,500.00"/>
    <junction id="n4" type="dead_end" x="1100.00" y="500.00" incLanes="" intLanes="" shape="1100.00,500.00 1093.60,500.00"/>
    <junction id="s1" type="dead_end" x="-400.00" y="-500.00" incLanes="t1_s1_0 t1_s1_1" intLanes="" shape="-406.40,-500.00 -400.00,-500.00"/>
    <junction id="s2" type="dead_end" x="100.00" y="-500.00" incLanes="t2_s2_0 t2_s2_1" intLanes="" shape="93.60,-500.00 100.00,-500.00"/>
    <junction id="s3" type="dead_end" x="600.00" y="-500.00" incLanes="t3_s3_0 t3_s3_1" intLanes="" shape="593.60,-500.00 600.00,-500.00"/>
    <junction id="s4" type="dead_end" x="1100.00" y="-500.00" incLanes="t4_s4_0 t4_s4_1" intLanes="" shape="1093.60,-500.00 1100.00,-500.00"/>
    <junction id="t1" type="traffic_light" x="-400.00" y="0.00" incLanes="n1_t1_0 n1_t1_1 w_t1_0 w_t1_1" intLanes=":t1_0_0 :t1_0_1 :t1_2_0 :t1_2_1" shape="-406.40,4.00 -400.00,4.00 -399.56,1.78 -399.00,1.00 -398.22,0.44 -397.22,0.11 -396.00,0.00 -396.00,-6.40 -398.22,-6.84 -399.00,-7.40 -399.56,-8.18 -399.89,-9.18 -400.00,-10.40 -406.40,-10.40 -406.84,-8.18 -407.40,-7.40 -408.18,-6.84 -409.18,-6.51 -410.40,-6.40 -410.40,0.00 -408.18,0.44 -407.40,1.00 -406.84,1.78 -406.51,2.78">
        <request index="0" response="1100" foes="1100" cont="0"/>
        <request index="1" response="1100" foes="1100" cont="0"/>
        <request index="2" response="0000" foes="0011" cont="0"/>
        <request index="3" response="0000" foes="0011" cont="0"/>
    </junction>
    <junction id="t2" type="traffic_light" x="100.00" y="0.00" incLanes="n2_t2_0 n2_t2_1 t1_t2_0 t1_t2_1" intLanes=":t2_0_0 :t2_0_1 :t2_2_0 :t2_2_1" shape="93.60,4.00 100.00,4.00 100.44,1.78 101.00,1.00 101.78,0.44 102.78,0.11 104.00,0.00 104.00,-6.40 101.78,-6.84 101.00,-7.40 100.44,-8.18 100.11,-9.18 100.00,-10.40 93.60,-10.40 93.16,-8.18 92.60,-7.40 91.82,-6.84 90.82,-6.51 89.60,-6.40 89.60,0.00 91.82,0.44 92.60,1.00 93.16,1.78 93.49,2.78">
        <request index="0" response="1100" foes="1100" cont="0"/>
        <request index="1" response="1100" foes="1100" cont="0"/>
        <request index="2" response="0000" foes="0011" cont="0"/>
        <request index="3" response="0000" foes="0011" cont="0"/>
    </junction>
    <junction id="t3" type="traffic_light" x="600.00" y="0.00" incLanes="n3_t3_0 n3_t3_1 t2_t3_0 t2_t3_1" intLanes=":t3_0_0 :t3_0_1 :t3_2_0 :t3_2_1" shape="593.60,4.00 600.00,4.00 600.44,1.78 601.00,1.00 601.78,0.44 602.78,0.11 604.00,0.00 604.00,-6.40 601.78,-6.84 601.00,-7.40 600.44,-8.18 600.11,-9.18 600.00,-10.40 593.60,-10.40 593.16,-8.18 592.60,-7.40 591.82,-6.84 590.82,-6.51 589.60,-6.40 589.60,0.00 591.82,0.44 592.60,1.00 593.16,1.78 593.49,2.78">
        <request index="0" response="1100" foes="1100" cont="0"/>
        <request index="1" response="1100" foes="1100" cont="0"/>
        <request index="2" response="0000" foes="0011" cont="0"/>
        <request index="3" response="0000" foes="0011" cont="0"/>
    </junction>
    <junction id="t4" type="traffic_light" x="1100.00" y="0.00" incLanes="n4_t4_0 n4_t4_1 t3_t4_0 t3_t4_1" intLanes=":t4_0_0 :t4_0_1 :t4_2_0 :t4_2_1" shape="1093.60,4.00 1100.00,4.00 1100.44,1.78 1101.00,1.00 1101.78,0.44 1102.78,0.11 1104.00,0.00 1104.00,-6.40 1101.78,-6.84 1101.00,-7.40 1100.44,-8.18 1100.11,-9.18 1100.00,-10.40 1093.60,-10.40 1093.16,-8.18 1092.60,-7.40 1091.82,-6.84 1090.82,-6.51 1089.60,-6.40 1089.60,0.00 1091.82,0.44 1092.60,1.00 1093.16,1.78 1093.49,2.78">
        <request index="0" response="1100" foes="1100" cont="0"/>
        <request index="1" response="1100" foes="1100" cont="0"/>
        <request index="2" response="0000" foes="0011" cont="0"/>
        <request index="3" response="0000" foes="0011" cont="0"/>
    </junction>
    <junction id="w" type="dead_end" x="-900.00" y="0.00" incLanes="" intLanes="" shape="-900.00,0.00 -900.00,-6.40"/>

    <connection from="n1_t1" to="t1_s1" fromLane="0" toLane="0" via=":t1_0_0" tl="t1" linkIndex="0" dir="s" state="o"/>
    <connection from="n1_t1" to="t1_s1" fromLane="1" toLane="1" via=":t1_0_1" tl="t1" linkIndex="1" dir="s" state="o"/>
    <connection from="n2_t2" to="t2_s2" fromLane="0" toLane="0" via=":t2_0_0" tl="t2" linkIndex="0" dir="s" state="o"/>
    <connection from="n2_t2" to="t2_s2" fromLane="1" toLane="1" via=":t2_0_1" tl="t2" linkIndex="1" dir="s" state="o"/>
    <connection from="n3_t3" to="t3_s3" fromLane="0" toLane="0" via=":t3_0_0" tl="t3" linkIndex="0" dir="s" state="o"/>
    <connection from="n3_t3" to="t3_s3" fromLane="1" toLane="1" via=":t3_0_1" tl="t3" linkIndex="1" dir="s" state="o"/>
    <connection from="n4_t4" to="t4_s4" fromLane="0" toLane="0" via=":t4_0_0" tl="t4" linkIndex="0" dir="s" state="o"/>
    <connection from="n4_t4" to="t4_s4" fromLane="1" toLane="1" via=":t4_0_1" tl="t4" linkIndex="1" dir="s" state="o"/>
    <connection from="t1_t2" to="t2_t3" fromLane="0" toLane="0" via=":t2_2_0" tl="t2" linkIndex="2" dir="s" state="O"/>
    <connection from="t1_t2" to="t2_t3" fromLane="1" toLane="1" via=":t2_2_1" tl="t2" linkIndex="3" dir="s" state="O"/>
    <connection from="t2_t3" to="t3_t4" fromLane="0" toLane="0" via=":t3_2_0" tl="t3" linkIndex="2" dir="s" state="O"/>
    <connection from="t2_t3" to="t3_t4" fromLane="1" toLane="1" via=":t3_2_1" tl="t3" linkIndex="3" dir="s" state="O"/>
    <connection from="t3_t4" to="t4_e" fromLane="0" toLane="0" via=":t4_2_0" tl="t4" linkIndex="2" dir="s" state="O"/>
    <connection from="t3_t4" to="t4_e" fromLane="1" toLane="1" via=":t4_2_1" tl="t4" linkIndex="3" dir="s" state="O"/>
    <connection from="w_t1" to="t1_t2" fromLane="0" toLane="0" via=":t1_2_0" tl="t1" linkIndex="2" dir="s" state="O"/>
    <connection from="w_t1" to="t1_t2" fromLane="1" toLane="1" via=":t1_2_1" tl="t1" linkIndex="3" dir="s" state="O"/>

    <connection from=":t1_0" to="t1_s1" fromLane="0" toLane="0" dir="s" state="M"/>
    <connection from=":t1_0" to="t1_s1" fromLane="1" toLane="1" dir="s" state="M"/>
    <connection from=":t1_2" to="t1_t2" fromLane="0" toLane="0" dir="s" state="M"/>
    <connection from=":t1_2" to="t1_t2" fromLane="1" toLane="1" dir="s" state="M"/>
    <connection from=":t2_0" to="t2_s2" fromLane="0" toLane="0" dir="s" state="M"/>
    <connection from=":t2_0" to="t2_s2" fromLane="1" toLane="1" dir="s" state="M"/>
    <connection from=":t2_2" to="t2_t3" fromLane="0" toLane="0" dir="s" state="M"/>
    <connection from=":t2_2" to="t2_t3" fromLane="1" toLane="1" dir="s" state="M"/>
    <connection from=":t3_0" to="t3_s3" fromLane="0" toLane="0" dir="s" state="M"/>
    <connection from=":t3_0" to="t3_s3" fromLane="1" toLane="1" dir="s" state="M"/>
    <connection from=":t3_2" to="t3_t4" fromLane="0" toLane="0" dir="s" state="M"/>
    <connection from=":t3_2" to="t3_t4" fromLane="1" toLane="1" dir="s" state="M"/>
    <connection from=":t4_0" to="t4_s4" fromLane="0" toLane="0" dir="s" state="M"/>
    <connection from=":t4_0" to="t4_s4" fromLane="1" toLane="1" dir="s" state="M"/>
    <connection from=":t4_2" to="t4_e" fromLane="0" toLane="0" dir="s" state="M"/>
    <connection from=":t4_2" to="t4_e" fromLane="1" toLane="1" dir="s" state="M"/>

</net>
